Country,Continent,Population,TotalCases,TotalDeaths,TotalRecovered,ActiveCases,"Serious,Critical",Tot Cases/1M pop,Deaths/1M pop,TotalTests,Tests/1M pop,WHO Region,DeathRate,RecoveryRate,ActiveRate,TestsRate
USA,North America,331198130,5032179,162804,2576668,2292707,18296,15193,491,63139605,190639,Americas,0.032352585231964125,0.5120382243954359,0.4556091903726,0.032352585231964125
Brazil,South America,212710692,2917562,98644,2047660,771258,8318,13716,463,13206188,62085,Americas,0.03381042116671385,0.7018394124957755,0.2643501663375106,0.03381042116671385
India,Asia,1381344997,2025409,41638,1377384,606387,8944,1466,30,22149351,16034,South-EastAsia,0.02055782313596908,0.6800522758613199,0.29938990100271107,0.02055782313596908
Russia,Europe,145940924,871894,14606,676357,180931,2300,5974,100,29716907,203622,Europe,0.01675203637139377,0.775733059293905,0.20751490433470124,0.01675203637139377
South Africa,Africa,59381566,538184,9604,387316,141264,539,9063,161,3149807,53043,Africa,0.01784519792487328,0.7196720824104768,0.26248271966465003,0.01784519792487328
Mexico,North America,129066160,462690,50517,308848,103325,3987,3584,391,1056915,8188,Americas,0.10918109317253452,0.6675052410901468,0.22331366573731873,0.10918109317253452
Peru,South America,33016319,455409,20424,310337,124648,1426,13793,618,2493429,75521,Americas,0.04484759853230832,0.6814467873933102,0.2737056140743815,0.04484759853230832
Chile,South America,19132514,366671,9889,340168,16614,1358,19164,516,1760615,92022,Americas,0.026969681267403203,0.9277199451279212,0.04531037360467558,0.026969681267403203
Colombia,South America,50936262,357710,11939,192355,153416,1493,7022,234,1801835,35374,Americas,0.033376198596628555,0.537740068770792,0.42888373263257945,0.033376198596628555
Spain,Europe,46756648,354530,28500,0,0,617,7582,609,7064329,151087,Europe,0.08038811948213127,0.0,0.0,0.08038811948213127
Iran,Asia,84097623,320117,17976,277463,24678,4156,3806,213,2612763,31068,EasternMediterranean,0.05615446852244648,0.8667549677149292,0.07709056376262428,0.05615446852244648
UK,Europe,67922029,308134,46413,0,0,73,4536,683,17515234,257872,Europe,0.1506260263391901,0.0,0.0,0.1506260263391901
Saudi Arabia,Asia,34865919,284226,3055,247089,34082,1915,8151,87,3635705,104276,EasternMediterranean,0.010748488878568463,0.8693398914947964,0.11991161962663514,0.010748488878568463
Pakistan,Asia,221295851,281863,6035,256058,19770,809,1273,27,2058872,9303,EasternMediterranean,0.021411111071690858,0.9084484306205497,0.07014045830775945,0.021411111071690858
Bangladesh,Asia,164851401,249651,3306,143824,102521,0,1514,20,1225124,7431,South-EastAsia,0.013242486511169592,0.5761002359293573,0.410657277559473,0.013242486511169592
Italy,Europe,60452568,249204,35187,201323,12694,42,4122,582,7099713,117442,Europe,0.14119757307266337,0.8078642397393301,0.05093818718800661,0.14119757307266337
Turkey,Asia,84428331,237265,5798,220546,10921,580,2810,68,5081802,60190,Europe,0.02443681116051672,0.9295344867553158,0.04602870208416749,0.02443681116051672
Argentina,South America,45236884,228195,4251,99852,124092,1150,5044,93,794544,17564,Americas,0.018628804312101493,0.4375731282455794,0.5437980674423191,0.018628804312101493
Germany,Europe,83811260,215210,9252,196200,9758,236,2567,110,8586648,102452,Europe,0.04299056735281818,0.9116676734352492,0.04534175921193253,0.04299056735281818
France,Europe,65288306,195633,30312,82460,82861,384,2996,464,3992206,61147,Europe,0.15494318443207433,0.4215035295681199,0.42355328599980574,0.15494318443207433
Iraq,Asia,40306025,140603,5161,101025,34417,517,3488,128,1092741,27111,EasternMediterranean,0.03670618692346536,0.7185124072743825,0.24478140580215216,0.03670618692346536
Philippines,Asia,109722719,119460,2150,66837,50473,239,1088,19,1669996,15220,WesternPacific,0.017997656119203082,0.5594927172275238,0.4225096266532731,0.017997656119203082
Indonesia,Asia,273808365,118753,5521,75645,37587,0,433,20,1633156,5964,South-EastAsia,0.046491457057926955,0.6369944338248297,0.31651410911724337,0.046491457057926955
Canada,North America,37775022,118561,8966,103106,6489,2263,3138,237,4319172,114339,Americas,0.07562351869501775,0.8696451615624025,0.05473131974257977,0.07562351869501775
Qatar,Asia,2807805,112092,178,108831,3083,77,39921,63,511000,181992,EasternMediterranean,0.0015879813010741177,0.9709078257145916,0.0275041929843343,0.0015879813010741177
Kazakhstan,Asia,18798667,95942,1058,68871,26013,221,5103,56,2163713,115099,Europe,0.01102749577869963,0.7178399449667507,0.2711325592545496,0.01102749577869963
Egypt,Africa,102516525,95006,4951,48898,41157,41,926,48,135000,1316,EasternMediterranean,0.05211249815801107,0.5146832831610635,0.4332042186809254,0.05211249815801107
Ecuador,South America,17668824,90537,5877,71318,13342,378,5124,332,258582,14634,Americas,0.06491268763047152,0.787722146746634,0.1473651656228945,0.06491268763047152
Bolivia,South America,11688459,86423,3465,27373,55585,71,7393,296,183583,15706,Americas,0.0400934936301679,0.31673281418141,0.643173692188422,0.0400934936301679
Sweden,Europe,10105596,81967,5766,0,0,38,8111,570,863315,85429,Europe,0.07034538289799554,0.0,0.0,0.07034538289799554
Oman,Asia,5118446,80713,492,70910,9311,177,15769,96,309212,60411,EasternMediterranean,0.006095672320444043,0.8785449679729411,0.11535935970661479,0.006095672320444043
Israel,Asia,9197590,79559,576,53427,25556,358,8649,62,1872453,203580,Europe,0.007239910003896479,0.6715393607260021,0.3212207292701014,0.007239910003896479
Ukraine,Europe,43705858,76808,1819,42524,32465,158,1757,41,1116641,25549,Europe,0.023682428913654827,0.5536402458077284,0.4226773252786168,0.023682428913654827
Dominican Republic,North America,10858648,76536,1246,40539,34751,317,7048,114,281926,25963,Americas,0.016279920560259224,0.5296723110693007,0.45404776837044003,0.016279920560259224
Panama,North America,4321282,71418,1574,45658,24186,161,16527,364,240995,55769,Americas,0.02203926181074799,0.6393066173793721,0.3386541208098799,0.02203926181074799
Belgium,Europe,11594739,71158,9859,17661,43638,61,6137,850,1767120,152407,Europe,0.13855083054610867,0.24819415947609544,0.6132550099777959,0.13855083054610867
Kuwait,Asia,4276658,70045,469,61610,7966,127,16378,109,522200,122104,EasternMediterranean,0.006695695624241559,0.8795774145192377,0.11372688985652081,0.006695695624241559
Belarus,Europe,9449001,68503,580,63756,4167,0,7249,61,1344303,142269,Europe,0.008466782476679853,0.9307037647986219,0.06082945272469819,0.008466782476679853
UAE,Asia,9902079,61845,354,55739,5752,0,6245,35,5262658,531470,EasternMediterranean,0.0057239873878244,0.901269302287978,0.09300671032419759,0.0057239873878244
Romania,Europe,19224023,57895,2566,28992,26337,458,3011,133,1319369,68631,Europe,0.044321616719924004,0.5007686328698506,0.4549097504102254,0.044321616719924004
Netherlands,Europe,17138756,56982,6153,0,0,37,3324,359,1079860,63006,Europe,0.10798146783194693,0.0,0.0,0.10798146783194693
Singapore,Asia,5854932,54555,27,48031,6497,0,9317,4,1474372,251817,WesternPacific,0.0004949133901567226,0.8804142608376867,0.11909082577215654,0.0004949133901567226
Guatemala,North America,17946899,54339,2119,42070,10150,5,3027,118,172712,9623,Americas,0.03899593293950938,0.7742137323101271,0.18679033475036347,0.03899593293950938
Portugal,Europe,10193593,52061,1743,37840,12478,42,5107,170,1705474,167308,Europe,0.0334799562052208,0.7268396688500028,0.23968037494477631,0.0334799562052208
Poland,Europe,37842302,49515,1774,35642,12099,72,1308,46,2374686,62752,Europe,0.03582752701201656,0.7198222760779561,0.24435019691002727,0.03582752701201656
Nigeria,Africa,206606300,45244,930,32430,11884,7,218,4,306894,1485,Africa,0.02055521174078331,0.7167801255415083,0.26266466271770844,0.02055521174078331
Honduras,North America,9919704,45098,1423,6116,37559,52,4546,143,109292,11017,Americas,0.03155350569870061,0.13561577010066966,0.8328307242006298,0.03155350569870061
Bahrain,Asia,1706669,42889,156,39945,2788,41,25130,91,876700,513690,EasternMediterranean,0.003637296276434517,0.9313576907831845,0.06500501294038098,0.003637296276434517
Japan,Asia,126435859,42263,1026,28877,12360,115,334,8,938739,7424,WesternPacific,0.02427655395972837,0.683269053309041,0.29245439273123064,0.02427655395972837
Armenia,Asia,2963811,39819,772,31556,7491,0,13435,260,171600,57898,Europe,0.01938772947587835,0.7924859991461363,0.18812627137798538,0.01938772947587835
Ghana,Africa,31133483,39642,199,36384,3059,7,1273,6,405817,13034,Africa,0.005019928358811362,0.9178144392311185,0.07716563241007013,0.005019928358811362
Kyrgyzstan,Asia,6534479,38659,1447,30099,7113,24,5916,221,267718,40970,Europe,0.037429835225949976,0.7785767867766885,0.18399337799736154,0.037429835225949976
Afghanistan,Asia,39009447,36896,1298,25840,9758,31,945,33,90396,2317,EasternMediterranean,0.035179965307892455,0.7003469210754554,0.2644731136166522,0.035179965307892455
Switzerland,Europe,8660952,36108,1985,31600,2523,23,4169,229,822764,94996,Europe,0.054973966987925116,0.8751523208153318,0.0698737121967431,0.054973966987925116
Algeria,Africa,43926079,33626,1273,23238,9115,57,765,28,0,0,Africa,0.0378576101825968,0.6910723844644026,0.27107000535300063,0.0378576101825968
Azerbaijan,Asia,10148243,33247,479,29275,3493,66,3276,47,766179,75498,Europe,0.014407314945709387,0.8805305741871448,0.10506211086714591,0.014407314945709387
Morocco,Africa,36953359,29644,449,20553,8642,31,802,12,1383816,37447,EasternMediterranean,0.01514640399406288,0.6933274861692079,0.29152610983672916,0.01514640399406288
Uzbekistan,Asia,33516027,28315,175,19291,8849,228,844,5,1377915,41112,Europe,0.006180469715698393,0.6812996644887869,0.3125198657955147,0.006180469715698393
Serbia,Europe,8733665,27332,621,14047,12664,120,3129,71,723137,82798,Europe,0.022720620518074053,0.5139397043758233,0.46333967510610274,0.022720620518074053
Moldova,Europe,4032983,26628,828,18676,7124,362,6602,205,128076,31757,Europe,0.031095087877422264,0.7013669821240799,0.26753792999849785,0.031095087877422264
Ireland,Europe,4943200,26372,1768,23364,1240,5,5335,357,652917,132083,Europe,0.06704080084938571,0.8859396329440316,0.04701956620658274,0.06704080084938571
Kenya,Africa,53881160,24411,399,10444,13568,44,453,7,335318,6223,Africa,0.016345090328130762,0.4278399082380894,0.5558150014337798,0.016345090328130762
Venezuela,South America,28427499,22299,195,12146,9958,42,784,6,1567431,55137,Americas,0.008744786761738194,0.544688102605498,0.4465671106327638,0.008744786761738194
Nepal,Asia,29186486,21750,65,15389,6296,0,745,2,731977,25079,South-EastAsia,0.002988505747126437,0.7075402298850575,0.2894712643678161,0.002988505747126437
Austria,Europe,9011577,21696,719,19596,1381,25,2407,79,937275,104007,Europe,0.03313974926253687,0.9032079646017699,0.06365228613569321,0.03313974926253687
Costa Rica,North America,5098730,21070,200,7038,13832,103,4132,39,96110,18849,Americas,0.009492168960607499,0.33402942572377786,0.6564784053156146,0.009492168960607499
Ethiopia,Africa,115223736,20900,365,9027,11508,185,181,3,468814,4068,Africa,0.017464114832535887,0.43191387559808614,0.550622009569378,0.017464114832535887
Australia,Australia/Oceania,25528864,19890,255,10941,8694,52,779,9,4631419,181418,WesternPacific,0.01282051282051282,0.5500754147812972,0.43710407239819005,0.01282051282051282
El Salvador,North America,6489514,19126,513,9236,9377,509,2947,79,251271,38719,Americas,0.026822126947610582,0.4829028547526927,0.4902750182996968,0.026822126947610582
Czechia,Europe,10711019,17731,390,12320,5021,17,1655,36,728670,68029,Europe,0.02199537533134059,0.6948282668772207,0.28317635779143874,0.02199537533134059
Cameroon,Africa,26606188,17718,391,15320,2007,30,665,14,149000,5600,Africa,0.022067953493622304,0.8646574105429506,0.11327463596342702,0.022067953493622304
Ivory Coast,Africa,26437950,16447,103,12484,3860,0,622,3,104584,3955,Africa,0.006262540280902292,0.759044202590138,0.2346932571289597,0.006262540280902292
S. Korea,Asia,51273732,14519,303,13543,673,18,283,5,1613652,31471,WesternPacific,0.02086920586817274,0.9327777395137407,0.04635305461808664,0.02086920586817274
Denmark,Europe,5794279,14306,617,12787,902,2,2468,106,1654512,285542,Europe,0.04312875716482595,0.8938207745002097,0.06305046833496435,0.04312875716482595
Palestine,Asia,5112340,13398,92,6907,6399,0,2620,17,200280,39175,EasternMediterranean,0.0068666965218689355,0.5155247051798776,0.4776085982982535,0.0068666965218689355
Bosnia and Herzegovina,Europe,3278650,13396,384,7042,5970,0,4085,117,147021,44841,Europe,0.02866527321588534,0.5256793072558973,0.44565541952821736,0.02866527321588534
Bulgaria,Europe,6942854,13014,435,7374,5205,47,1874,62,294087,42358,Europe,0.03342554172429691,0.5666205624711849,0.39995389580451823,0.03342554172429691
Madagascar,Africa,27755708,12526,134,10148,2244,88,451,4,46301,1668,Africa,0.010697748682739901,0.8101548778540636,0.17914737346319656,0.010697748682739901
Sudan,Africa,43943536,11780,763,6194,4823,0,268,17,401,9,EasternMediterranean,0.06477079796264856,0.5258064516129032,0.4094227504244482,0.06477079796264856
North Macedonia,Europe,2083365,11399,517,7480,3402,3,5471,248,109946,52773,Europe,0.04535485568909554,0.6561979120975524,0.29844723221335206,0.04535485568909554
Senegal,Africa,16783877,10715,223,7101,3391,33,638,13,114761,6837,Africa,0.020811945870275315,0.6627158189454037,0.31647223518432105,0.020811945870275315
Norway,Europe,5425471,9468,256,8857,355,3,1745,47,472841,87152,Europe,0.02703844528939586,0.9354668356569498,0.03749471905365442,0.02703844528939586
DRC,Africa,89802183,9309,215,8048,1046,0,103,2,0,0,Africa,0.02309592867117843,0.8645396927704372,0.11236437855838435,0.02309592867117843
Malaysia,Asia,32406372,9038,125,8713,200,2,278,3,991333,30590,WesternPacific,0.013830493472007082,0.9640407169727816,0.02212878955521133,0.013830493472007082
French Guiana,South America,299385,8127,47,7240,840,23,27145,156,41412,138323,unknowen,0.005783191829703458,0.8908576350436815,0.10335917312661498,0.005783191829703458
Gabon,Africa,2230563,7787,51,5609,2127,11,3491,22,85369,38272,Africa,0.006549377167073328,0.7203030692179273,0.27314755361499937,0.006549377167073328
Tajikistan,Asia,9557468,7665,62,6443,1160,0,801,6,0,0,Europe,0.008088714938030006,0.8405740378343118,0.15133724722765818,0.008088714938030006
Guinea,Africa,13164905,7664,49,6757,858,24,582,3,14407,1094,Africa,0.006393528183716075,0.8816544885177453,0.11195198329853862,0.006393528183716075
Haiti,North America,11416103,7544,171,4832,2541,0,660,14,18443,1615,Americas,0.022667020148462353,0.6405090137857901,0.3368239660657476,0.022667020148462353
Finland,Europe,5541604,7532,331,6980,221,0,1359,59,389500,70286,Europe,0.04394583112055231,0.926712692511949,0.029341476367498672,0.04394583112055231
Zambia,Africa,18430129,7164,199,5786,1179,0,388,10,90307,4899,Africa,0.027777777777777776,0.8076493579006142,0.16457286432160803,0.027777777777777776
Luxembourg,Europe,626952,7073,119,5750,1204,9,11281,189,623994,995281,Europe,0.016824544040718224,0.8129506574296621,0.1702247985296197,0.016824544040718224
Mauritania,Africa,4660728,6444,157,5291,996,3,1382,33,57387,12312,Africa,0.024363749224084418,0.8210738671632526,0.15456238361266295,0.024363749224084418
Paraguay,South America,7141091,6375,66,4974,1335,23,892,9,135277,18943,Americas,0.010352941176470589,0.780235294117647,0.20941176470588235,0.010352941176470589
Albania,Europe,2877470,6016,188,3155,2673,23,2090,65,38997,13552,Europe,0.03125,0.5244348404255319,0.4443151595744681,0.03125
Lebanon,Asia,6822220,5672,70,1974,3628,46,831,10,345268,50609,EasternMediterranean,0.01234132581100141,0.3480253878702398,0.6396332863187588,0.01234132581100141
Croatia,Europe,4102577,5404,155,4688,561,7,1317,37,125317,30545,Europe,0.028682457438934123,0.8675055514433753,0.1038119911176906,0.028682457438934123
Djibouti,Africa,989387,5330,59,5057,214,0,5387,59,59909,60551,EasternMediterranean,0.011069418386491557,0.948780487804878,0.0401500938086304,0.011069418386491557
Greece,Europe,10417673,5123,210,1374,3539,14,491,20,619393,59455,Europe,0.040991606480577786,0.2682022252586375,0.6908061682607847,0.040991606480577786
Libya,Africa,6880353,4879,107,652,4120,0,709,15,59699,8676,EasternMediterranean,0.021930723508915763,0.13363394138143062,0.8444353351096536,0.021930723508915763
Equatorial Guinea,Africa,1407001,4821,83,2182,2556,0,3426,58,44356,31525,Africa,0.017216345156606513,0.452603194358017,0.5301804604853765,0.017216345156606513
Maldives,Asia,541448,4680,19,2725,1936,12,8643,35,85587,158070,South-EastAsia,0.00405982905982906,0.5822649572649573,0.41367521367521365,0.00405982905982906
CAR,Africa,4837752,4620,59,1641,2920,2,954,12,29589,6116,unknowen,0.01277056277056277,0.3551948051948052,0.6320346320346321,0.01277056277056277
Hungary,Europe,9657785,4597,600,3463,534,8,475,62,352546,36503,Europe,0.13051990428540353,0.7533173809005873,0.11616271481400914,0.13051990428540353
Malawi,Africa,19174839,4491,137,2137,2217,4,234,7,33466,1745,Africa,0.030505455355154754,0.4758405700289468,0.49365397461589844,0.030505455355154754
Zimbabwe,Africa,14883803,4339,84,1264,2991,0,291,5,140421,9434,Africa,0.019359299377736807,0.2913113620649919,0.6893293385572713,0.019359299377736807
Nicaragua,North America,6632263,3902,123,2913,866,0,588,18,0,0,Americas,0.031522296258329065,0.7465402357765248,0.22193746796514607,0.031522296258329065
Hong Kong,Asia,7503041,3850,46,2458,1346,39,513,6,692430,92286,WesternPacific,0.011948051948051949,0.6384415584415585,0.3496103896103896,0.011948051948051949
Congo,Africa,5530506,3546,58,1589,1899,0,641,10,0,0,Africa,0.016356457980823462,0.44811054709531867,0.5355329949238579,0.016356457980823462
Montenegro,Europe,628074,3480,60,2178,1242,0,5540,95,38427,61182,Europe,0.017241379310344827,0.6258620689655172,0.3568965517241379,0.017241379310344827
Thailand,Asia,69817894,3330,58,3148,124,1,47,0,749213,10730,South-EastAsia,0.017417417417417418,0.9453453453453453,0.037237237237237236,0.017417417417417418
Somalia,Africa,15933012,3227,93,1728,1406,2,202,5,0,0,EasternMediterranean,0.028819336845367215,0.5354818717074682,0.43569879144716456,0.028819336845367215
Mayotte,Africa,273419,3042,39,2738,265,2,11125,142,13000,47546,unknowen,0.01282051282051282,0.9000657462195923,0.08711374095989481,0.01282051282051282
Eswatini,Africa,1161348,2968,55,1476,1437,5,2555,47,20784,17896,Africa,0.01853099730458221,0.4973045822102426,0.4841644204851752,0.01853099730458221
Sri Lanka,Asia,21422362,2839,11,2541,287,1,132,0,166737,7783,South-EastAsia,0.0038746037337090526,0.8950334624867912,0.10109193377949982,0.0038746037337090526
Cuba,North America,11325899,2775,88,2409,278,4,245,7,285471,25205,Americas,0.031711711711711714,0.8681081081081081,0.10018018018018018,0.031711711711711714
Cabo Verde,Africa,556581,2734,27,2010,697,0,4912,48,61633,110735,Africa,0.009875640087783468,0.7351865398683248,0.25493782004389176,0.009875640087783468
Namibia,Africa,2545264,2652,15,563,2074,24,1041,5,29233,11485,Africa,0.005656108597285068,0.21229260935143288,0.782051282051282,0.005656108597285068
Mali,Africa,20302901,2552,124,1954,474,0,125,6,25152,1238,Africa,0.048589341692789965,0.7656739811912225,0.18573667711598746,0.048589341692789965
Slovakia,Europe,5459915,2480,29,1824,627,2,454,5,272322,49876,Europe,0.011693548387096775,0.7354838709677419,0.2528225806451613,0.011693548387096775
South Sudan,Africa,11206572,2450,47,1175,1228,0,218,4,12044,1074,Africa,0.019183673469387756,0.47959183673469385,0.5012244897959184,0.019183673469387756
Slovenia,Europe,2078968,2223,125,1909,189,2,1069,60,135702,65273,Europe,0.05623031938821413,0.8587494376968061,0.08502024291497975,0.05623031938821413
Lithuania,Europe,2718121,2171,81,1656,434,6,798,29,540784,198955,Europe,0.037309995393827726,0.7627821280515892,0.19990787655458314,0.037309995393827726
Estonia,Europe,1326627,2124,63,1954,107,0,1601,47,122880,92625,Europe,0.029661016949152543,0.9199623352165726,0.05037664783427495,0.029661016949152543
Mozambique,Africa,31333962,2120,15,795,1310,0,67,0,65151,2079,Africa,0.007075471698113208,0.375,0.6179245283018868,0.007075471698113208
Rwanda,Africa,12981546,2111,5,1258,848,0,162,0,286251,22050,Africa,0.0023685457129322598,0.5959261013737566,0.4017053529133112,0.0023685457129322598
Suriname,South America,587154,2096,29,1446,621,9,3569,49,2785,4743,Americas,0.01383587786259542,0.6898854961832062,0.29627862595419846,0.01383587786259542
Guinea-Bissau,Africa,1972277,2032,27,944,1061,5,1030,13,1500,760,Africa,0.01328740157480315,0.4645669291338583,0.5221456692913385,0.01328740157480315
Benin,Africa,12151976,1936,38,1600,298,1,159,3,93677,7708,Africa,0.01962809917355372,0.8264462809917356,0.15392561983471073,0.01962809917355372
Iceland,Europe,341465,1930,10,1825,95,0,5652,29,149693,438384,Europe,0.0051813471502590676,0.9455958549222798,0.04922279792746114,0.0051813471502590676
Sierra Leone,Africa,7992169,1877,67,1427,383,0,234,8,0,0,Africa,0.03569525839104955,0.7602557272242941,0.20404901438465636,0.03569525839104955
Yemen,Asia,29886897,1768,508,898,362,0,59,16,120,4,EasternMediterranean,0.2873303167420814,0.5079185520361991,0.20475113122171945,0.2873303167420814
Tunisia,Africa,11830801,1642,51,1241,350,9,138,4,100298,8477,EasternMediterranean,0.031059683313032885,0.7557856272838003,0.21315468940316687,0.031059683313032885
New Zealand,Australia/Oceania,5002100,1569,22,1524,23,0,313,4,486943,97347,WesternPacific,0.014021669853409816,0.97131931166348,0.014659018483110261,0.014021669853409816
Angola,Africa,32956300,1483,64,520,899,20,44,1,64747,1964,Africa,0.04315576534052596,0.35064059339177345,0.6062036412677007,0.04315576534052596
Uruguay,South America,3474956,1318,37,1079,202,2,379,10,126956,36534,Americas,0.028072837632776935,0.8186646433990895,0.15326251896813353,0.028072837632776935
Latvia,Europe,1883936,1275,32,1070,173,0,676,16,207909,110358,Europe,0.025098039215686273,0.8392156862745098,0.13568627450980392,0.025098039215686273
Jordan,Asia,10213138,1232,11,1171,50,3,120,1,628745,61562,EasternMediterranean,0.008928571428571428,0.950487012987013,0.040584415584415584,0.008928571428571428
Liberia,Africa,5068618,1224,78,705,441,0,241,15,0,0,Africa,0.06372549019607843,0.5759803921568627,0.3602941176470588,0.06372549019607843
Uganda,Africa,45867852,1223,5,1102,116,0,26,0,288367,6286,Africa,0.004088307440719542,0.9010629599345871,0.09484873262469337,0.004088307440719542
Cyprus,Asia,1208238,1208,19,856,333,0,999,15,216597,179266,Europe,0.015728476821192054,0.7086092715231788,0.27566225165562913,0.015728476821192054
Georgia,Asia,3988368,1206,17,987,202,0,302,4,240473,60293,Europe,0.014096185737976783,0.818407960199005,0.16749585406301823,0.014096185737976783
Burkina Faso,Africa,20954852,1158,54,961,143,0,55,2,0,0,Africa,0.046632124352331605,0.8298791018998273,0.1234887737478411,0.046632124352331605
Niger,Africa,24281433,1153,69,1057,27,0,47,2,9052,372,Africa,0.0598438855160451,0.9167389418907199,0.023417172593235037,0.0598438855160451
Togo,Africa,8296582,1012,22,697,293,2,121,2,45767,5516,Africa,0.021739130434782608,0.6887351778656127,0.28952569169960474,0.021739130434782608
Syria,Asia,17539600,999,48,311,640,0,56,2,0,0,EasternMediterranean,0.04804804804804805,0.3113113113113113,0.6406406406406406,0.04804804804804805
Jamaica,North America,2962478,958,12,745,201,0,323,4,41840,14123,Americas,0.012526096033402923,0.7776617954070981,0.20981210855949894,0.012526096033402923
Malta,Europe,441663,946,9,670,267,0,2141,20,136713,309541,Europe,0.009513742071881607,0.7082452431289641,0.2822410147991543,0.009513742071881607
Andorra,Europe,77278,944,52,828,64,1,12215,672,3750,48526,Europe,0.05508474576271186,0.8771186440677966,0.06779661016949153,0.05508474576271186
Chad,Africa,16467965,942,76,838,28,0,57,4,0,0,Africa,0.08067940552016985,0.8895966029723992,0.029723991507430998,0.08067940552016985
Gambia,Africa,2422754,935,16,136,783,0,385,6,5183,2139,Africa,0.017112299465240642,0.14545454545454545,0.8374331550802139,0.017112299465240642
Sao Tome and Principe,Africa,219544,878,15,797,66,0,3999,68,3079,14024,Africa,0.017084282460136675,0.907744874715262,0.07517084282460136,0.017084282460136675
Botswana,Africa,2356075,804,2,63,739,1,341,0,68423,29041,Africa,0.0024875621890547263,0.07835820895522388,0.9191542288557214,0.0024875621890547263
Bahamas,North America,393616,761,14,91,656,1,1933,35,4814,12230,Americas,0.018396846254927726,0.11957950065703023,0.8620236530880421,0.018396846254927726
Vietnam,Asia,97425470,747,10,392,345,0,7,0,482456,4952,WesternPacific,0.013386880856760375,0.5247657295850067,0.46184738955823296,0.013386880856760375
Lesotho,Africa,2143943,742,23,175,544,0,346,10,8771,4091,Africa,0.03099730458221024,0.2358490566037736,0.7331536388140162,0.03099730458221024
Diamond Princess,Africa,7041972,712,13,651,48,4,101,1,0,0,unknowen,0.018258426966292134,0.9143258426966292,0.06741573033707865,0.018258426966292134
San Marino,Europe,33938,699,42,657,0,0,20596,1237,6068,178796,Europe,0.060085836909871244,0.9399141630901288,0.0,0.060085836909871244
Réunion,Africa,895952,671,5,592,74,3,748,5,35419,39532,unknowen,0.007451564828614009,0.8822652757078987,0.11028315946348734,0.007451564828614009
Channel Islands,Europe,174022,597,47,533,17,0,3430,270,30721,176535,unknowen,0.07872696817420435,0.8927973199329984,0.02847571189279732,0.07872696817420435
Guyana,South America,786936,538,22,189,327,2,683,27,5165,6563,Americas,0.040892193308550186,0.3513011152416357,0.6078066914498141,0.040892193308550186
Tanzania,Africa,59886383,509,21,183,305,7,8,0,0,0,Africa,0.0412573673870334,0.35952848722986247,0.5992141453831041,0.0412573673870334
Taiwan,Asia,23821199,477,7,443,27,0,20,0,82737,3473,WesternPacific,0.014675052410901468,0.9287211740041929,0.05660377358490566,0.014675052410901468
Comoros,Africa,871326,396,7,340,49,0,454,8,0,0,Africa,0.017676767676767676,0.8585858585858586,0.12373737373737374,0.017676767676767676
Burundi,Africa,11922216,395,1,304,90,0,33,0,15614,1309,Africa,0.002531645569620253,0.769620253164557,0.22784810126582278,0.002531645569620253
Myanmar,Asia,54446389,357,6,308,43,0,6,0,122290,2246,South-EastAsia,0.01680672268907563,0.8627450980392157,0.12044817927170869,0.01680672268907563
Mauritius,Africa,1271985,344,10,334,0,0,270,7,205285,161389,Africa,0.029069767441860465,0.9709302325581395,0.0,0.029069767441860465
Isle of Man,Europe,85078,336,24,312,0,0,3949,282,8627,101401,unknowen,0.07142857142857142,0.9285714285714286,0.0,0.07142857142857142
Mongolia,Asia,3283344,293,0,260,33,1,89,0,38334,11675,WesternPacific,0.0,0.8873720136518771,0.11262798634812286,0.0
Eritrea,Africa,3551175,282,0,225,57,0,79,0,0,0,Africa,0.0,0.7978723404255319,0.20212765957446807,0.0
Guadeloupe,North America,400131,279,14,179,86,0,697,34,18476,46174,unknowen,0.05017921146953405,0.6415770609318996,0.30824372759856633,0.05017921146953405
Martinique,North America,375235,276,15,98,163,1,735,39,12227,32584,unknowen,0.05434782608695652,0.35507246376811596,0.5905797101449275,0.05434782608695652
Faeroe Islands,Europe,48882,266,0,192,74,1,5441,0,43045,880589,unknowen,0.0,0.7218045112781954,0.2781954887218045,0.0
Aruba,North America,106812,263,3,114,146,0,2462,28,14047,131511,unknowen,0.011406844106463879,0.43346007604562736,0.5551330798479087,0.011406844106463879
Cambodia,Asia,16741375,243,0,210,33,1,14,0,67807,4050,WesternPacific,0.0,0.8641975308641975,0.13580246913580246,0.0
Trinidad and Tobago,North America,1399950,210,8,135,67,0,150,5,9559,6828,Americas,0.0380952380952381,0.6428571428571429,0.319047619047619,0.0380952380952381
Cayman Islands,North America,65798,203,1,202,0,0,3085,15,31108,472780,unknowen,0.0049261083743842365,0.9950738916256158,0.0,0.0049261083743842365
Gibraltar,Europe,33690,190,0,184,6,0,5639,0,23063,684565,unknowen,0.0,0.968421052631579,0.031578947368421054,0.0
Papua New Guinea,Australia/Oceania,8963009,163,3,53,107,0,18,0,10808,1205,WesternPacific,0.018404907975460124,0.32515337423312884,0.656441717791411,0.018404907975460124
Sint Maarten,North America,42924,160,16,64,80,3,3727,372,1115,25976,unknowen,0.1,0.4,0.5,0.1
Bermuda,North America,62254,157,9,144,4,0,2521,144,26352,423298,Americas,0.05732484076433121,0.9171974522292994,0.025477707006369428,0.05732484076433121
Brunei ,Asia,437893,141,3,138,0,0,321,6,41148,93968,unknowen,0.02127659574468085,0.9787234042553191,0.0,0.02127659574468085
Barbados,North America,287411,133,7,100,26,0,462,24,12233,42562,Americas,0.05263157894736842,0.7518796992481203,0.19548872180451127,0.05263157894736842
Turks and Caicos,North America,38768,129,2,39,88,3,3327,51,1252,32294,unknowen,0.015503875968992248,0.3023255813953488,0.6821705426356589,0.015503875968992248
Seychelles,Africa,98408,126,0,124,2,0,1280,0,0,0,Africa,0.0,0.9841269841269841,0.015873015873015872,0.0
Monaco,Europe,39270,125,4,105,16,2,3183,101,38209,972981,Europe,0.032,0.84,0.128,0.032
Bhutan,Asia,772443,105,0,93,12,0,135,0,54589,70670,South-EastAsia,0.0,0.8857142857142857,0.11428571428571428,0.0
Antigua and Barbuda,North America,98010,92,3,76,13,1,938,30,1500,15304,Americas,0.03260869565217391,0.8260869565217391,0.14130434782608695,0.03260869565217391
Liechtenstein,Europe,38139,89,1,85,3,0,2333,26,900,23597,Europe,0.011235955056179775,0.9550561797752809,0.033707865168539325,0.011235955056179775
Belize,North America,398312,86,2,31,53,2,215,5,3679,9236,Americas,0.023255813953488372,0.36046511627906974,0.6162790697674418,0.023255813953488372
French Polynesia,Australia/Oceania,281072,64,0,62,2,0,227,0,5849,20809,unknowen,0.0,0.96875,0.03125,0.0
St. Vincent Grenadines,North America,110976,56,0,46,10,0,504,0,2447,22049,unknowen,0.0,0.8214285714285714,0.17857142857142858,0.0
Saint Martin,North America,38729,53,3,41,9,1,1368,77,1183,30545,unknowen,0.05660377358490566,0.7735849056603774,0.16981132075471697,0.05660377358490566
Macao,Asia,650193,46,0,46,0,0,70,0,4071,6261,unknowen,0.0,1.0,0.0,0.0
Curaçao,North America,164161,31,1,28,2,0,188,6,1080,6578,unknowen,0.03225806451612903,0.9032258064516129,0.06451612903225806,0.03225806451612903
Fiji,Australia/Oceania,897095,27,1,18,8,0,30,1,6693,7460,WesternPacific,0.037037037037037035,0.6666666666666666,0.2962962962962963,0.037037037037037035
Saint Lucia,North America,183712,25,0,24,1,0,136,0,3895,21201,Americas,0.0,0.96,0.04,0.0
Timor-Leste,Asia,1320812,25,0,24,1,0,18,0,4238,3208,South-EastAsia,0.0,0.96,0.04,0.0
Grenada,North America,112576,24,0,23,1,0,213,0,6252,55535,Americas,0.0,0.9583333333333334,0.041666666666666664,0.0
New Caledonia,Australia/Oceania,285769,22,0,22,0,0,76,0,11099,38839,unknowen,0.0,1.0,0.0,0.0
Laos,Asia,7285750,20,0,19,1,0,2,0,29374,4031,WesternPacific,0.0,0.95,0.05,0.0
Dominica,North America,72004,18,0,18,0,0,249,0,1005,13957,Americas,0.0,1.0,0.0,0.0
Saint Kitts and Nevis,North America,53237,17,0,16,1,0,319,0,1146,21526,Americas,0.0,0.9411764705882353,0.058823529411764705,0.0
Greenland,North America,56780,14,0,14,0,0,246,0,5977,105265,Europe,0.0,1.0,0.0,0.0
Montserrat,North America,4992,13,1,10,2,0,2604,200,61,12219,unknowen,0.07692307692307693,0.7692307692307693,0.15384615384615385,0.07692307692307693
Caribbean Netherlands,North America,26247,13,0,7,6,0,495,0,424,16154,unknowen,0.0,0.5384615384615384,0.46153846153846156,0.0
Falkland Islands,South America,3489,13,0,13,0,0,3725,0,1816,520492,unknowen,0.0,1.0,0.0,0.0
Vatican City,Europe,801,12,0,12,0,0,14981,0,0,0,Europe,0.0,1.0,0.0,0.0
Western Sahara,Africa,598682,10,1,8,1,0,16,1,0,0,Africa,0.1,0.8,0.1,0.1
